Crash Year,Crash Month,Crash Day,Time of Day,City or Township,Crash: Intersection,Crash: Hit-and-Run,Lighting Conditions,Highway Class,Highway Number,Speed Limit at Crash Site,Weather Conditions (2016+),Worst Injury in Crash,Traffic Control,Trafficway,Crash Type
2007,December,30,2:00 AM - 3:00 AM,Wayne County: Detroit,Not intersection crash,Hit-and-run,Dark lighted,"County road, city street, or unknown",Local road or unknown,25,Uncoded & errors,Suspected minor injury (B),None,Not physically divided (two-way trafficway),Other / unknown
2007,December,20,4:00 PM - 5:00 PM,Wayne County: Detroit,Not intersection crash,Not hit-and-run,Daylight,"County road, city street, or unknown",Local road or unknown,35,Uncoded & errors,Possible injury (C),None,Not physically divided (two-way trafficway),Angle
2007,December,18,8:00 PM - 9:00 PM,Wayne County: Detroit,Not intersection crash,Hit-and-run,Dark lighted,"County road, city street, or unknown",Local road or unknown,30,Uncoded & errors,Suspected minor injury (B),None,Not physically divided (two-way trafficway),Single motor vehicle
2007,October,14,7:00 PM - 8:00 PM,Wayne County: Detroit,Intersection crash,Hit-and-run,Dark lighted,"County road, city street, or unknown",Local road or unknown,30,Uncoded & errors,Suspected serious injury (A),None,Not physically divided (two-way trafficway),Single motor vehicle
2007,August,30,6:00 PM - 7:00 PM,Wayne County: Detroit,Not intersection crash,Not hit-and-run,Daylight,"County road, city street, or unknown",Local road or unknown,25,Uncoded & errors,No injury (O),None,Not physically divided (two-way trafficway),Other / unknown
2007,November,13,11:00 AM - 12:00 noon,Wayne County: Detroit,Intersection crash,Not hit-and-run,Daylight,Michigan route,M-5,35,Uncoded & errors,Possible injury (C),None,Not physically divided (two-way trafficway),Single motor vehicle
2007,June,18,4:00 PM - 5:00 PM,Wayne County: Detroit,Not intersection crash,Not hit-and-run,Dawn,"County road, city street, or unknown",Local road or unknown,15,Uncoded & errors,Suspected minor injury (B),None,Uncoded & errors,Other / unknown
2007,February,9,2:00 PM - 3:00 PM,Wayne County: Detroit,Not intersection crash,Not hit-and-run,Daylight,Interstate route,I-375,30,Uncoded & errors,Suspected minor injury (B),Signal,Uncoded & errors,Single motor vehicle
2007,May,18,3:00 PM - 4:00 PM,Wayne County: Canton Twp.,Not intersection crash,Not hit-and-run,Daylight,"County road, city street, or unknown",Local road or unknown,Uncoded & errors,Uncoded & errors,No injury (O),None,Uncoded & errors,Other / unknown
2007,October,3,6:00 PM - 7:00 PM,Wayne County: Detroit,Not intersection crash,Hit-and-run,Daylight,"County road, city street, or unknown",Local road or unknown,30,Uncoded & errors,No injury (O),Signal,Uncoded & errors,Single motor vehicle
2007,October,13,5:00 PM - 6:00 PM,Wayne County: Dearborn Heights,Intersection crash,Hit-and-run,Daylight,Michigan route,M-153,25,Uncoded & errors,Suspected minor injury (B),None,Uncoded & errors,Single motor vehicle
2007,August,15,8:00 PM - 9:00 PM,Wayne County: Detroit,Not intersection crash,Hit-and-run,Dark lighted,Michigan route,M-8\US-8,35,Uncoded & errors,Suspected minor injury (B),None,Uncoded & errors,Single motor vehicle
2007,January,5,6:00 PM - 7:00 PM,Wayne County: Detroit,Intersection crash,Hit-and-run,Dark unlighted,"County road, city street, or unknown",Local road or unknown,35,Uncoded & errors,Suspected serious injury (A),Signal,Not physically divided (two-way trafficway),Other / unknown
2007,September,9,2:00 PM - 3:00 PM,Wayne County: Detroit,Not intersection crash,Not hit-and-run,Daylight,"County road, city street, or unknown",Local road or unknown,30,Uncoded & errors,Suspected minor injury (B),None,Not physically divided (two-way trafficway),Single motor vehicle
2007,February,12,4:00 PM - 5:00 PM,Wayne County: Flat Rock,Not intersection crash,Not hit-and-run,Daylight,"County road, city street, or unknown",Local road or unknown,25,Uncoded & errors,Suspected minor injury (B),None,Not physically divided (two-way trafficway),Single motor vehicle
2007,December,15,10:00 PM - 11:00 PM,Wayne County: Detroit,Intersection crash,Not hit-and-run,Dark lighted,"County road, city street, or unknown",Local road or unknown,35,Uncoded & errors,No injury (O),Signal,Not physically divided (two-way trafficway),Single motor vehicle
2007,August,10,10:00 AM - 11:00 AM,Wayne County: Detroit,Not intersection crash,Hit-and-run,Daylight,"County road, city street, or unknown",Local road or unknown,Uncoded & errors,Uncoded & errors,Suspected minor injury (B),None,Not physically divided (two-way trafficway),Single motor vehicle
2007,January,16,8:00 PM - 9:00 PM,Wayne County: Detroit,Not intersection crash,Hit-and-run,Dark lighted,"County road, city street, or unknown",Local road or unknown,35,Uncoded & errors,No injury (O),Stop sign,Not physically divided (two-way trafficway),Single motor vehicle
2007,March,27,5:00 PM - 6:00 PM,Wayne County: Detroit,Not intersection crash,Not hit-and-run,Daylight,Interstate route,M-96\I-96\I-96BS,65,Uncoded & errors,Fatal injury (K),None,"Divided highway, median strip, with traffic barrier",Rear-end
2007,June,28,7:00 AM - 8:00 AM,Wayne County: Detroit,Not intersection crash,Not hit-and-run,Daylight,"County road, city street, or unknown",Local road or unknown,25,Uncoded & errors,Possible injury (C),None,Uncoded & errors,Other / unknown
2007,February,14,10:00 AM - 11:00 AM,Wayne County: Detroit,Not intersection crash,Not hit-and-run,Daylight,Interstate route,M-96\I-96\I-96BS,55,Uncoded & errors,Suspected minor injury (B),None,"Divided highway, median strip, with traffic barrier",Rear-end
2007,April,28,3:00 PM - 4:00 PM,Wayne County: Hamtramck,Not intersection crash,Not hit-and-run,Daylight,"County road, city street, or unknown",Local road or unknown,25,Uncoded & errors,Possible injury (C),None,One-way trafficway,Single motor vehicle
2007,July,2,12:00 noon - 1:00 PM,Wayne County: Detroit,Intersection crash,Not hit-and-run,Daylight,Michigan route,M-1,25,Uncoded & errors,Possible injury (C),Signal,Uncoded & errors,Single motor vehicle
2007,May,2,3:00 PM - 4:00 PM,Wayne County: Detroit,Not intersection crash,Hit-and-run,Daylight,Michigan route,M-85,Uncoded & errors,Uncoded & errors,Possible injury (C),None,Not physically divided (two-way trafficway),Other / unknown
2007,May,29,7:00 PM - 8:00 PM,Wayne County: Livonia,Not intersection crash,Not hit-and-run,Daylight,"County road, city street, or unknown",Local road or unknown,25,Uncoded & errors,Suspected minor injury (B),None,Not physically divided (two-way trafficway),Other / unknown
2007,November,21,7:00 PM - 8:00 PM,Wayne County: Detroit,Intersection crash,Not hit-and-run,Dark lighted,Michigan route,M-85,25,Uncoded & errors,Possible injury (C),Signal,Not physically divided (two-way trafficway),Other / unknown
2007,March,10,11:00 AM - 12:00 noon,Wayne County: Detroit,Intersection crash,Not hit-and-run,Daylight,Michigan route,M-1,30,Uncoded & errors,Possible injury (C),Signal,Not physically divided (two-way trafficway),Single motor vehicle
2007,November,2,7:00 PM - 8:00 PM,Wayne County: Detroit,Not intersection crash,Not hit-and-run,Dark lighted,"County road, city street, or unknown",Local road or unknown,30,Uncoded & errors,Suspected serious injury (A),None,Not physically divided (two-way trafficway),Single motor vehicle
2007,October,6,7:00 PM - 8:00 PM,Wayne County: Detroit,Intersection crash,Not hit-and-run,Dusk,"County road, city street, or unknown",Local road or unknown,35,Uncoded & errors,No injury (O),None,Not physically divided (two-way trafficway),Single motor vehicle
2007,August,4,4:00 PM - 5:00 PM,Wayne County: Detroit,Not intersection crash,Not hit-and-run,Daylight,"County road, city street, or unknown",Local road or unknown,25,Uncoded & errors,No injury (O),Uncoded & errors,Uncoded & errors,Sideswipe same direction
2007,December,26,8:00 AM - 9:00 AM,Wayne County: Detroit,Not intersection crash,Not hit-and-run,Daylight,"County road, city street, or unknown",Local road or unknown,35,Uncoded & errors,Suspected minor injury (B),None,Not physically divided (two-way trafficway),Single motor vehicle
2007,January,13,1:00 AM - 2:00 AM,Wayne County: Detroit,Not intersection crash,Hit-and-run,Dark lighted,"County road, city street, or unknown",Local road or unknown,20,Uncoded & errors,No injury (O),None,One-way trafficway,Other / unknown
2007,April,5,3:00 PM - 4:00 PM,Wayne County: Detroit,Not intersection crash,Hit-and-run,Daylight,Michigan route,M-53,35,Uncoded & errors,No injury (O),None,Not physically divided (two-way trafficway),Single motor vehicle
2007,February,13,8:00 AM - 9:00 AM,Wayne County: Detroit,Intersection crash,Not hit-and-run,Daylight,"County road, city street, or unknown",Local road or unknown,30,Uncoded & errors,No injury (O),Signal,"Divided highway, median strip, without traffic barrier",Single motor vehicle
2007,December,23,10:00 AM - 11:00 AM,Wayne County: Detroit,Not intersection crash,Not hit-and-run,Dawn,"County road, city street, or unknown",Local road or unknown,30,Uncoded & errors,Possible injury (C),None,Uncoded & errors,Single motor vehicle
2007,April,22,8:00 PM - 9:00 PM,Wayne County: Detroit,Not intersection crash,Not hit-and-run,Dark lighted,"County road, city street, or unknown",Local road or unknown,25,Uncoded & errors,Suspected minor injury (B),None,Uncoded & errors,Single motor vehicle
2007,June,10,2:00 AM - 3:00 AM,Wayne County: Detroit,Intersection crash,Hit-and-run,Other / unknown,Michigan route,M-5,30,Uncoded & errors,Possible injury (C),None,Not physically divided (two-way trafficway),Single motor vehicle
2007,January,17,12:00 midnight - 1:00 AM,Wayne County: Detroit,Not intersection crash,Hit-and-run,Dark lighted,Michigan route,M-5,35,Uncoded & errors,Suspected serious injury (A),None,Not physically divided (two-way trafficway),Single motor vehicle
2007,September,21,8:00 PM - 9:00 PM,Wayne County: Detroit,Intersection crash,Not hit-and-run,Dark lighted,Michigan route,M-102\US-102,40,Uncoded & errors,Fatal injury (K),None,Not physically divided (two-way trafficway),Single motor vehicle
2007,December,4,7:00 AM - 8:00 AM,Wayne County: Detroit,Intersection crash,Not hit-and-run,Dark lighted,"County road, city street, or unknown",Local road or unknown,30,Uncoded & errors,Possible injury (C),None,Not physically divided (two-way trafficway),Single motor vehicle
2007,April,3,2:00 PM - 3:00 PM,Wayne County: Melvindale,Intersection crash,Not hit-and-run,Daylight,"County road, city street, or unknown",Local road or unknown,30,Uncoded & errors,Suspected serious injury (A),Signal,Not physically divided (two-way trafficway),Single motor vehicle
2007,May,4,4:00 PM - 5:00 PM,Wayne County: Detroit,Intersection crash,Hit-and-run,Daylight,Michigan route,M-96\I-96\I-96BS,35,Uncoded & errors,Possible injury (C),Stop sign,Not physically divided (two-way trafficway),Angle
2007,November,5,6:00 PM - 7:00 PM,Wayne County: Dearborn Heights,Not intersection crash,Hit-and-run,Dark lighted,"County road, city street, or unknown",Local road or unknown,35,Uncoded & errors,Fatal injury (K),None,Not physically divided (two-way trafficway),Other / unknown
2007,July,13,11:00 PM - 12:00 midnight,Wayne County: Detroit,Not intersection crash,Hit-and-run,Dark lighted,"County road, city street, or unknown",Local road or unknown,30,Uncoded & errors,Suspected serious injury (A),None,Not physically divided (two-way trafficway),Single motor vehicle
2007,February,20,12:00 midnight - 1:00 AM,Wayne County: Detroit,Not intersection crash,Hit-and-run,Dark lighted,Michigan route,M-3,35,Uncoded & errors,Suspected minor injury (B),None,Not physically divided (two-way trafficway),Sideswipe same direction
2007,June,17,6:00 AM - 7:00 AM,Wayne County: Detroit,Not intersection crash,Hit-and-run,Daylight,"County road, city street, or unknown",Local road or unknown,25,Uncoded & errors,Suspected minor injury (B),None,Uncoded & errors,Other / unknown
2007,February,27,2:00 PM - 3:00 PM,Wayne County: Detroit,Not intersection crash,Not hit-and-run,Daylight,"County road, city street, or unknown",Local road or unknown,30,Uncoded & errors,Suspected minor injury (B),None,Uncoded & errors,Single motor vehicle
2007,November,18,4:00 PM - 5:00 PM,Wayne County: Lincoln Park,Intersection crash,Not hit-and-run,Daylight,Michigan route,M-85,35,Uncoded & errors,Suspected minor injury (B),Signal,"Divided highway, median strip, without traffic barrier",Single motor vehicle
2007,November,13,1:00 PM - 2:00 PM,Wayne County: Detroit,Not intersection crash,Not hit-and-run,Uncoded & errors,"County road, city street, or unknown",Local road or unknown,35,Uncoded & errors,Possible injury (C),Signal,Uncoded & errors,Single motor vehicle
2007,June,22,9:00 PM - 10:00 PM,Wayne County: Highland Park,Not intersection crash,Not hit-and-run,Dusk,Michigan route,M-1,30,Uncoded & errors,Fatal injury (K),None,"Divided highway, median strip, without traffic barrier",Single motor vehicle
2007,August,26,7:00 PM - 8:00 PM,Wayne County: Detroit,Not intersection crash,Not hit-and-run,Daylight,"County road, city street, or unknown",Local road or unknown,15,Uncoded & errors,Possible injury (C),Stop sign,Not physically divided (two-way trafficway),Uncoded & errors
2007,January,28,9:00 PM - 10:00 PM,Wayne County: Detroit,Intersection crash,Hit-and-run,Dark lighted,"County road, city street, or unknown",Local road or unknown,35,Uncoded & errors,Fatal injury (K),Signal,"Divided highway, median strip, without traffic barrier",Single motor vehicle
2007,April,20,9:00 PM - 10:00 PM,Wayne County: Detroit,Not intersection crash,Not hit-and-run,Dark lighted,"County road, city street, or unknown",Local road or unknown,30,Uncoded & errors,Possible injury (C),None,Uncoded & errors,Single motor vehicle
2007,June,8,11:00 PM - 12:00 midnight,Wayne County: Detroit,Not intersection crash,Not hit-and-run,Dark lighted,"County road, city street, or unknown",Local road or unknown,35,Uncoded & errors,Suspected serious injury (A),Signal,Not physically divided (two-way trafficway),Other / unknown
2007,June,2,2:00 AM - 3:00 AM,Wayne County: Westland,Not intersection crash,Not hit-and-run,Dark unlighted,"County road, city street, or unknown",Local road or unknown,25,Uncoded & errors,Suspected serious injury (A),None,Not physically divided (two-way trafficway),Single motor vehicle
2007,March,11,8:00 PM - 9:00 PM,Wayne County: Detroit,Intersection crash,Hit-and-run,Dark lighted,"County road, city street, or unknown",Local road or unknown,30,Uncoded & errors,Suspected serious injury (A),Signal,"Divided highway, median strip, without traffic barrier",Other / unknown
2007,May,4,9:00 AM - 10:00 AM,Wayne County: Detroit,Not intersection crash,Not hit-and-run,Daylight,"County road, city street, or unknown",Local road or unknown,30,Uncoded & errors,Suspected serious injury (A),None,Uncoded & errors,Single motor vehicle
2007,May,10,5:00 PM - 6:00 PM,Wayne County: Detroit,Not intersection crash,Not hit-and-run,Daylight,"County road, city street, or unknown",Local road or unknown,25,Uncoded & errors,Possible injury (C),None,Uncoded & errors,Other / unknown
2007,December,11,6:00 PM - 7:00 PM,Wayne County: Detroit,Intersection crash,Not hit-and-run,Dark lighted,"County road, city street, or unknown",Local road or unknown,30,Uncoded & errors,Possible injury (C),Stop sign,Not physically divided (two-way trafficway),Single motor vehicle
2007,January,8,4:00 PM - 5:00 PM,Wayne County: Detroit,Not intersection crash,Not hit-and-run,Dark unlighted,"County road, city street, or unknown",Local road or unknown,25,Uncoded & errors,Possible injury (C),None,Not physically divided (two-way trafficway),Other / unknown
2007,February,21,1:00 PM - 2:00 PM,Wayne County: Dearborn,Not intersection crash,Hit-and-run,Daylight,Michigan route,M-153,25,Uncoded & errors,Possible injury (C),Stop sign,Not physically divided (two-way trafficway),Single motor vehicle
2007,February,7,9:00 PM - 10:00 PM,Wayne County: Detroit,Intersection crash,Not hit-and-run,Dark lighted,Michigan route,M-102\US-102,30,Uncoded & errors,No injury (O),None,Not physically divided (two-way trafficway),Single motor vehicle
2007,September,9,2:00 AM - 3:00 AM,Wayne County: Detroit,Intersection crash,Hit-and-run,Dark lighted,Michigan route,M-8\US-8,35,Uncoded & errors,Suspected serious injury (A),None,Not physically divided (two-way trafficway),Single motor vehicle
2007,May,7,2:00 PM - 3:00 PM,Wayne County: Dearborn Heights,Intersection crash,Not hit-and-run,Daylight,"County road, city street, or unknown",Local road or unknown,35,Uncoded & errors,Possible injury (C),None,Not physically divided (two-way trafficway),Angle
2007,July,26,7:00 PM - 8:00 PM,Wayne County: Detroit,Not intersection crash,Not hit-and-run,Daylight,"County road, city street, or unknown",Local road or unknown,25,Uncoded & errors,Possible injury (C),None,Not physically divided (two-way trafficway),Single motor vehicle
2007,March,30,5:00 PM - 6:00 PM,Wayne County: Detroit,Intersection crash,Not hit-and-run,Daylight,"County road, city street, or unknown",Local road or unknown,30,Uncoded & errors,Suspected minor injury (B),Signal,"Divided highway, median strip, without traffic barrier",Angle
2007,July,30,5:00 PM - 6:00 PM,Wayne County: Detroit,Not intersection crash,Hit-and-run,Daylight,"County road, city street, or unknown",Local road or unknown,25,Uncoded & errors,Suspected serious injury (A),None,Uncoded & errors,Other / unknown
2007,June,17,3:00 PM - 4:00 PM,Wayne County: Dearborn,Not intersection crash,Not hit-and-run,Daylight,"County road, city street, or unknown",Local road or unknown,25,Uncoded & errors,No injury (O),None,Not physically divided (two-way trafficway),Single motor vehicle
2007,April,2,12:00 noon - 1:00 PM,Wayne County: Detroit,Intersection crash,Not hit-and-run,Daylight,"County road, city street, or unknown",Local road or unknown,25,Uncoded & errors,No injury (O),Signal,Uncoded & errors,Other / unknown
2007,June,12,6:00 PM - 7:00 PM,Wayne County: Detroit,Not intersection crash,Hit-and-run,Daylight,"County road, city street, or unknown",Local road or unknown,25,Uncoded & errors,No injury (O),Uncoded & errors,Uncoded & errors,Single motor vehicle
2007,May,17,2:00 PM - 3:00 PM,Wayne County: Taylor,Not intersection crash,Not hit-and-run,Daylight,"County road, city street, or unknown",Local road or unknown,25,Uncoded & errors,No injury (O),None,Not physically divided (two-way trafficway),Single motor vehicle
2007,November,6,8:00 AM - 9:00 AM,Wayne County: Detroit,Intersection crash,Not hit-and-run,Daylight,"County road, city street, or unknown",Local road or unknown,Uncoded & errors,Uncoded & errors,Possible injury (C),Uncoded & errors,Uncoded & errors,Other / unknown
2007,September,26,6:00 AM - 7:00 AM,Wayne County: Livonia,Intersection crash,Hit-and-run,Dusk,"County road, city street, or unknown",Local road or unknown,25,Uncoded & errors,Possible injury (C),None,Not physically divided (two-way trafficway),Other / unknown
2007,January,30,7:00 PM - 8:00 PM,Wayne County: Detroit,Not intersection crash,Hit-and-run,Dark unlighted,"County road, city street, or unknown",Local road or unknown,30,Uncoded & errors,Fatal injury (K),None,Not physically divided (two-way trafficway),Other / unknown
2007,May,19,9:00 AM - 10:00 AM,Wayne County: Dearborn,Not intersection crash,Not hit-and-run,Daylight,"County road, city street, or unknown",Local road or unknown,25,Uncoded & errors,Possible injury (C),Stop sign,Not physically divided (two-way trafficway),Single motor vehicle
2007,November,26,7:00 PM - 8:00 PM,Wayne County: Detroit,Not intersection crash,Not hit-and-run,Dark lighted,"County road, city street, or unknown",Local road or unknown,35,Uncoded & errors,Suspected minor injury (B),Signal,Uncoded & errors,Rear-end
2007,March,27,2:00 PM - 3:00 PM,Wayne County: Detroit,Intersection crash,Not hit-and-run,Daylight,"County road, city street, or unknown",Local road or unknown,25,Uncoded & errors,Suspected minor injury (B),None,Not physically divided (two-way trafficway),Single motor vehicle
2007,March,5,5:00 PM - 6:00 PM,Wayne County: Taylor,Not intersection crash,Not hit-and-run,Daylight,"County road, city street, or unknown",Local road or unknown,45,Uncoded & errors,Possible injury (C),None,Not physically divided (two-way trafficway),Other / unknown
2007,October,4,11:00 AM - 12:00 noon,Wayne County: Detroit,Intersection crash,Hit-and-run,Daylight,"County road, city street, or unknown",Local road or unknown,Uncoded & errors,Uncoded & errors,Fatal injury (K),None,Not physically divided (two-way trafficway),Single motor vehicle
2007,September,13,7:00 PM - 8:00 PM,Wayne County: Harper Woods,Not intersection crash,Hit-and-run,Dusk,"County road, city street, or unknown",Local road or unknown,25,Uncoded & errors,Suspected minor injury (B),Uncoded & errors,Uncoded & errors,Other / unknown
2007,February,12,8:00 PM - 9:00 PM,Wayne County: Detroit,Intersection crash,Not hit-and-run,Dark lighted,"County road, city street, or unknown",Local road or unknown,Uncoded & errors,Uncoded & errors,Suspected serious injury (A),Signal,Uncoded & errors,Other / unknown
2007,December,21,7:00 PM - 8:00 PM,Wayne County: Detroit,Not intersection crash,Hit-and-run,Dark lighted,Michigan route,M-3,35,Uncoded & errors,Possible injury (C),None,Not physically divided (two-way trafficway),Single motor vehicle
2007,February,1,4:00 AM - 5:00 AM,Wayne County: Hamtramck,Not intersection crash,Not hit-and-run,Dark lighted,"County road, city street, or unknown",Local road or unknown,35,Uncoded & errors,Fatal injury (K),None,Not physically divided (two-way trafficway),Single motor vehicle
2007,March,30,7:00 PM - 8:00 PM,Wayne County: Detroit,Not intersection crash,Hit-and-run,Daylight,"County road, city street, or unknown",Local road or unknown,25,Uncoded & errors,Possible injury (C),None,Not physically divided (two-way trafficway),Single motor vehicle
2007,June,30,11:00 AM - 12:00 noon,Wayne County: Harper Woods,Not intersection crash,Hit-and-run,Other / unknown,"County road, city street, or unknown",Local road or unknown,25,Uncoded & errors,Suspected minor injury (B),None,Not physically divided (two-way trafficway),Other / unknown
2007,September,26,1:00 AM - 2:00 AM,Wayne County: Detroit,Intersection crash,Hit-and-run,Dark lighted,"County road, city street, or unknown",Local road or unknown,30,Uncoded & errors,Possible injury (C),None,Not physically divided (two-way trafficway),Sideswipe same direction
2007,August,26,6:00 PM - 7:00 PM,Wayne County: Detroit,Not intersection crash,Not hit-and-run,Daylight,"County road, city street, or unknown",Local road or unknown,25,Uncoded & errors,Suspected minor injury (B),None,Uncoded & errors,Single motor vehicle
2007,December,13,6:00 PM - 7:00 PM,Wayne County: Detroit,Not intersection crash,Hit-and-run,Dark lighted,Michigan route,M-8\US-8,30,Uncoded & errors,Possible injury (C),Signal,Not physically divided (two-way trafficway),Single motor vehicle
2007,April,24,2:00 PM - 3:00 PM,Wayne County: Detroit,Not intersection crash,Not hit-and-run,Daylight,"County road, city street, or unknown",Local road or unknown,25,Uncoded & errors,Suspected minor injury (B),Stop sign,Uncoded & errors,Other / unknown
2007,March,5,2:00 PM - 3:00 PM,Wayne County: Detroit,Not intersection crash,Hit-and-run,Daylight,"County road, city street, or unknown",Local road or unknown,35,Uncoded & errors,Possible injury (C),Stop sign,Not physically divided (two-way trafficway),Single motor vehicle
2007,December,28,11:00 PM - 12:00 midnight,Wayne County: Detroit,Not intersection crash,Not hit-and-run,Dark unlighted,"County road, city street, or unknown",Local road or unknown,35,Uncoded & errors,Suspected minor injury (B),Uncoded & errors,Uncoded & errors,Other / unknown
2007,November,26,5:00 PM - 6:00 PM,Wayne County: Garden City,Intersection crash,Hit-and-run,Dark lighted,Michigan route,M-153,40,Uncoded & errors,Possible injury (C),Signal,Not physically divided (two-way trafficway),Single motor vehicle
2007,October,3,6:00 PM - 7:00 PM,Wayne County: Detroit,Not intersection crash,Not hit-and-run,Daylight,"County road, city street, or unknown",Local road or unknown,30,Uncoded & errors,Possible injury (C),None,Not physically divided (two-way trafficway),Single motor vehicle
2007,January,3,11:00 AM - 12:00 noon,Wayne County: Detroit,Intersection crash,Not hit-and-run,Daylight,Michigan route,M-102\US-102,40,Uncoded & errors,Possible injury (C),Signal,Uncoded & errors,Single motor vehicle
2007,December,3,2:00 PM - 3:00 PM,Wayne County: Grosse Pointe,Intersection crash,Not hit-and-run,Daylight,"County road, city street, or unknown",Local road or unknown,25,Uncoded & errors,Suspected minor injury (B),Signal,Not physically divided (two-way trafficway),Single motor vehicle
2007,August,17,5:00 PM - 6:00 PM,Wayne County: Romulus,Not intersection crash,Hit-and-run,Daylight,"County road, city street, or unknown",Local road or unknown,45,Uncoded & errors,Possible injury (C),None,Not physically divided (two-way trafficway),Sideswipe same direction
2007,October,8,1:00 PM - 2:00 PM,Wayne County: Dearborn,Intersection crash,Not hit-and-run,Daylight,"County road, city street, or unknown",Local road or unknown,25,Uncoded & errors,Suspected serious injury (A),None,Uncoded & errors,Single motor vehicle
2007,May,15,9:00 PM - 10:00 PM,Wayne County: Wayne,Not intersection crash,Not hit-and-run,Dark lighted,"County road, city street, or unknown",Local road or unknown,40,Uncoded & errors,Suspected serious injury (A),None,Not physically divided (two-way trafficway),Single motor vehicle
2007,July,19,12:00 noon - 1:00 PM,Wayne County: Dearborn,Not intersection crash,Not hit-and-run,Daylight,"County road, city street, or unknown",Local road or unknown,35,Uncoded & errors,Suspected minor injury (B),Stop sign,Not physically divided (two-way trafficway),Single motor vehicle
2007,June,15,4:00 PM - 5:00 PM,Wayne County: Allen Park,Intersection crash,Not hit-and-run,Daylight,"County road, city street, or unknown",Local road or unknown,25,Uncoded & errors,Suspected serious injury (A),None,One-way trafficway,Single motor vehicle
2007,September,4,7:00 PM - 8:00 PM,Wayne County: Detroit,Not intersection crash,Not hit-and-run,Dusk,"County road, city street, or unknown",Local road or unknown,25,Uncoded & errors,Suspected serious injury (A),None,Not physically divided (two-way trafficway),Single motor vehicle
2007,September,27,8:00 PM - 9:00 PM,Wayne County: Detroit,Not intersection crash,Not hit-and-run,Dark unlighted,Interstate route,M-75\I-75\I-75BL\I-75BS,25,Uncoded & errors,Suspected minor injury (B),Signal,One-way trafficway,Single motor vehicle